{"b2": [0.0, 0.0, 0.0], "W2": [[-0.07096186751013533, -0.8071506591661317, -0.4082274815477358], [0.8091234398606182, 0.3664298517042357, 0.02146457726073403], [-0.5709716881530358, -0.1785526620085065, 0.08009811219871965], [0.8790439079710031, -0.6939015211345091, 0.9087903491850269], [-0.8464333194523745, 0.7047950745704152, 0.5415682617906343]], "W1": [[0.7112736005142151, 0.41233611550608296, -0.5468899939252185, -0.4446353699786558, -0.9810071839815138], [0.7004746619195008, 0.4205396689131571, 0.9930378015159755, -1.08355192901806, 0.8619997974679974], [0.5146422244925102, -0.23325442589623058, 0.3984565271650653, 0.34395722726325134, -0.7245561544824897]], "b1": [0.0, 0.0, 0.0, 0.0, 0.0]}